"Epic","Feature","Story","FAILED","BROKEN","PASSED","SKIPPED","UNKNOWN"
"","Reporting Module Test Cases","","0","0","11","0","0"
"","Login Page","","0","0","20","0","0"
"","Member Management","","0","0","23","0","0"
"","Inventory","","0","0","23","0","0"
"","Order List","","0","0","38","0","0"
"","Product Category","","0","0","25","0","0"
"","Inventory Dashboard","","1","0","23","0","0"
"","DashboardExecutions","","0","0","7","0","0"
"","Leather Management","","0","0","11","0","0"
"","Track Order","","0","0","5","0","0"
